<?xml version="1.0" encoding="UTF-8"?><MD_Metadata xmlns:xlink="http://www.w3.org/1999/xlink" xmlns:srv="http://www.isotc211.org/2005/srv" xmlns:gts="http://www.isotc211.org/2005/gts" xmlns:xalan="http://xml.apache.org/xalan" xmlns:gco="http://www.isotc211.org/2005/gco" xmlns:gml="http://www.opengis.net/gml" xmlns:xsi="http://www.w3.org/2001/XMLSchema-instance" xmlns="http://www.isotc211.org/2005/gmd">
    <characterSet>
        <MD_CharacterSetCode codeList="http://www.isotc211.org/2005/resources/Codelist/gmxCodelists.xml#MD_CharacterSetCode" codeListValue="utf8" codeSpace="ISOTC211/19115">utf8</MD_CharacterSetCode>
    </characterSet>
    <hierarchyLevel>
        <MD_ScopeCode codeList="http://www.isotc211.org/2005/resources/Codelist/gmxCodelists.xml#MD_ScopeCode" codeListValue="dataset" codeSpace="ISOTC211/19115">dataset</MD_ScopeCode>
    </hierarchyLevel>
    <hierarchyLevelName>
        <gco:CharacterString>dataset</gco:CharacterString>
    </hierarchyLevelName>
    <contact gco:nilReason="missing"/>
    <dateStamp gco:nilReason="missing"/>
    <metadataStandardName>
        <gco:CharacterString>ISO 19139 Geographic Information - Metadata - Implementation Specification</gco:CharacterString>
    </metadataStandardName>
    <metadataStandardVersion>
        <gco:CharacterString>2007</gco:CharacterString>
    </metadataStandardVersion>
    <identificationInfo>
        <MD_DataIdentification>
            <citation gco:nilReason="missing"/>
            <abstract>
                <gco:CharacterString>Museos de la Isla de la Palma</gco:CharacterString>
            </abstract>
            <purpose>
                <gco:CharacterString>Museos de la Isla de la Palma</gco:CharacterString>
            </purpose>
            <credit>
                <gco:CharacterString>Cabildo de La Palma</gco:CharacterString>
            </credit>
            <descriptiveKeywords>
                <MD_Keywords>
                    <keyword>
                        <gco:CharacterString>cultura-ocio</gco:CharacterString>
                    </keyword>
                    <keyword>
                        <gco:CharacterString>turismo</gco:CharacterString>
                    </keyword>
                    <keyword>
                        <gco:CharacterString>urbanismo-infraestructura</gco:CharacterString>
                    </keyword>
                    <keyword>
                        <gco:CharacterString>cultura</gco:CharacterString>
                    </keyword>
                    <keyword>
                        <gco:CharacterString>patrimonio</gco:CharacterString>
                    </keyword>
                    <keyword>
                        <gco:CharacterString>museo</gco:CharacterString>
                    </keyword>
                    <keyword>
                        <gco:CharacterString>la palma</gco:CharacterString>
                    </keyword>
                    <keyword>
                        <gco:CharacterString>cabildo</gco:CharacterString>
                    </keyword>
                    <keyword>
                        <gco:CharacterString>sociedad</gco:CharacterString>
                    </keyword>
                    <keyword>
                        <gco:CharacterString>canarias</gco:CharacterString>
                    </keyword>
                </MD_Keywords>
            </descriptiveKeywords>
            <descriptiveKeywords>
                <MD_Keywords>
                    <keyword>
                        <gco:CharacterString>cultura-ocio</gco:CharacterString>
                    </keyword>
                    <keyword>
                        <gco:CharacterString>turismo</gco:CharacterString>
                    </keyword>
                    <keyword>
                        <gco:CharacterString>urbanismo-infraestructura</gco:CharacterString>
                    </keyword>
                    <keyword>
                        <gco:CharacterString>cultura</gco:CharacterString>
                    </keyword>
                    <keyword>
                        <gco:CharacterString>patrimonio</gco:CharacterString>
                    </keyword>
                    <keyword>
                        <gco:CharacterString>museo</gco:CharacterString>
                    </keyword>
                    <keyword>
                        <gco:CharacterString>la palma</gco:CharacterString>
                    </keyword>
                    <keyword>
                        <gco:CharacterString>cabildo</gco:CharacterString>
                    </keyword>
                    <keyword>
                        <gco:CharacterString>sociedad</gco:CharacterString>
                    </keyword>
                    <keyword>
                        <gco:CharacterString>canarias</gco:CharacterString>
                    </keyword>
                </MD_Keywords>
            </descriptiveKeywords>
            <descriptiveKeywords>
                <MD_Keywords>
                    <keyword>
                        <gco:CharacterString>cultura-ocio</gco:CharacterString>
                    </keyword>
                    <keyword>
                        <gco:CharacterString>turismo</gco:CharacterString>
                    </keyword>
                    <keyword>
                        <gco:CharacterString>urbanismo-infraestructura</gco:CharacterString>
                    </keyword>
                    <keyword>
                        <gco:CharacterString>cultura</gco:CharacterString>
                    </keyword>
                    <keyword>
                        <gco:CharacterString>patrimonio</gco:CharacterString>
                    </keyword>
                    <keyword>
                        <gco:CharacterString>museo</gco:CharacterString>
                    </keyword>
                    <keyword>
                        <gco:CharacterString>la palma</gco:CharacterString>
                    </keyword>
                    <keyword>
                        <gco:CharacterString>cabildo</gco:CharacterString>
                    </keyword>
                    <keyword>
                        <gco:CharacterString>sociedad</gco:CharacterString>
                    </keyword>
                    <keyword>
                        <gco:CharacterString>canarias</gco:CharacterString>
                    </keyword>
                </MD_Keywords>
            </descriptiveKeywords>
            <descriptiveKeywords>
                <MD_Keywords>
                    <keyword>
                        <gco:CharacterString>cultura-ocio</gco:CharacterString>
                    </keyword>
                    <keyword>
                        <gco:CharacterString>turismo</gco:CharacterString>
                    </keyword>
                    <keyword>
                        <gco:CharacterString>urbanismo-infraestructura</gco:CharacterString>
                    </keyword>
                    <keyword>
                        <gco:CharacterString>cultura</gco:CharacterString>
                    </keyword>
                    <keyword>
                        <gco:CharacterString>patrimonio</gco:CharacterString>
                    </keyword>
                    <keyword>
                        <gco:CharacterString>museo</gco:CharacterString>
                    </keyword>
                    <keyword>
                        <gco:CharacterString>la palma</gco:CharacterString>
                    </keyword>
                    <keyword>
                        <gco:CharacterString>cabildo</gco:CharacterString>
                    </keyword>
                    <keyword>
                        <gco:CharacterString>sociedad</gco:CharacterString>
                    </keyword>
                    <keyword>
                        <gco:CharacterString>canarias</gco:CharacterString>
                    </keyword>
                </MD_Keywords>
            </descriptiveKeywords>
            <descriptiveKeywords>
                <MD_Keywords>
                    <keyword>
                        <gco:CharacterString>cultura-ocio</gco:CharacterString>
                    </keyword>
                    <keyword>
                        <gco:CharacterString>turismo</gco:CharacterString>
                    </keyword>
                    <keyword>
                        <gco:CharacterString>urbanismo-infraestructura</gco:CharacterString>
                    </keyword>
                    <keyword>
                        <gco:CharacterString>cultura</gco:CharacterString>
                    </keyword>
                    <keyword>
                        <gco:CharacterString>patrimonio</gco:CharacterString>
                    </keyword>
                    <keyword>
                        <gco:CharacterString>museo</gco:CharacterString>
                    </keyword>
                    <keyword>
                        <gco:CharacterString>la palma</gco:CharacterString>
                    </keyword>
                    <keyword>
                        <gco:CharacterString>cabildo</gco:CharacterString>
                    </keyword>
                    <keyword>
                        <gco:CharacterString>sociedad</gco:CharacterString>
                    </keyword>
                    <keyword>
                        <gco:CharacterString>canarias</gco:CharacterString>
                    </keyword>
                </MD_Keywords>
            </descriptiveKeywords>
            <descriptiveKeywords>
                <MD_Keywords>
                    <keyword>
                        <gco:CharacterString>cultura-ocio</gco:CharacterString>
                    </keyword>
                    <keyword>
                        <gco:CharacterString>turismo</gco:CharacterString>
                    </keyword>
                    <keyword>
                        <gco:CharacterString>urbanismo-infraestructura</gco:CharacterString>
                    </keyword>
                    <keyword>
                        <gco:CharacterString>cultura</gco:CharacterString>
                    </keyword>
                    <keyword>
                        <gco:CharacterString>patrimonio</gco:CharacterString>
                    </keyword>
                    <keyword>
                        <gco:CharacterString>museo</gco:CharacterString>
                    </keyword>
                    <keyword>
                        <gco:CharacterString>la palma</gco:CharacterString>
                    </keyword>
                    <keyword>
                        <gco:CharacterString>cabildo</gco:CharacterString>
                    </keyword>
                    <keyword>
                        <gco:CharacterString>sociedad</gco:CharacterString>
                    </keyword>
                    <keyword>
                        <gco:CharacterString>canarias</gco:CharacterString>
                    </keyword>
                </MD_Keywords>
            </descriptiveKeywords>
            <descriptiveKeywords>
                <MD_Keywords>
                    <keyword>
                        <gco:CharacterString>cultura-ocio</gco:CharacterString>
                    </keyword>
                    <keyword>
                        <gco:CharacterString>turismo</gco:CharacterString>
                    </keyword>
                    <keyword>
                        <gco:CharacterString>urbanismo-infraestructura</gco:CharacterString>
                    </keyword>
                    <keyword>
                        <gco:CharacterString>cultura</gco:CharacterString>
                    </keyword>
                    <keyword>
                        <gco:CharacterString>patrimonio</gco:CharacterString>
                    </keyword>
                    <keyword>
                        <gco:CharacterString>museo</gco:CharacterString>
                    </keyword>
                    <keyword>
                        <gco:CharacterString>la palma</gco:CharacterString>
                    </keyword>
                    <keyword>
                        <gco:CharacterString>cabildo</gco:CharacterString>
                    </keyword>
                    <keyword>
                        <gco:CharacterString>sociedad</gco:CharacterString>
                    </keyword>
                    <keyword>
                        <gco:CharacterString>canarias</gco:CharacterString>
                    </keyword>
                </MD_Keywords>
            </descriptiveKeywords>
            <descriptiveKeywords>
                <MD_Keywords>
                    <keyword>
                        <gco:CharacterString>cultura-ocio</gco:CharacterString>
                    </keyword>
                    <keyword>
                        <gco:CharacterString>turismo</gco:CharacterString>
                    </keyword>
                    <keyword>
                        <gco:CharacterString>urbanismo-infraestructura</gco:CharacterString>
                    </keyword>
                    <keyword>
                        <gco:CharacterString>cultura</gco:CharacterString>
                    </keyword>
                    <keyword>
                        <gco:CharacterString>patrimonio</gco:CharacterString>
                    </keyword>
                    <keyword>
                        <gco:CharacterString>museo</gco:CharacterString>
                    </keyword>
                    <keyword>
                        <gco:CharacterString>la palma</gco:CharacterString>
                    </keyword>
                    <keyword>
                        <gco:CharacterString>cabildo</gco:CharacterString>
                    </keyword>
                    <keyword>
                        <gco:CharacterString>sociedad</gco:CharacterString>
                    </keyword>
                    <keyword>
                        <gco:CharacterString>canarias</gco:CharacterString>
                    </keyword>
                </MD_Keywords>
            </descriptiveKeywords>
            <descriptiveKeywords>
                <MD_Keywords>
                    <keyword>
                        <gco:CharacterString>cultura-ocio</gco:CharacterString>
                    </keyword>
                    <keyword>
                        <gco:CharacterString>turismo</gco:CharacterString>
                    </keyword>
                    <keyword>
                        <gco:CharacterString>urbanismo-infraestructura</gco:CharacterString>
                    </keyword>
                    <keyword>
                        <gco:CharacterString>cultura</gco:CharacterString>
                    </keyword>
                    <keyword>
                        <gco:CharacterString>patrimonio</gco:CharacterString>
                    </keyword>
                    <keyword>
                        <gco:CharacterString>museo</gco:CharacterString>
                    </keyword>
                    <keyword>
                        <gco:CharacterString>la palma</gco:CharacterString>
                    </keyword>
                    <keyword>
                        <gco:CharacterString>cabildo</gco:CharacterString>
                    </keyword>
                    <keyword>
                        <gco:CharacterString>sociedad</gco:CharacterString>
                    </keyword>
                    <keyword>
                        <gco:CharacterString>canarias</gco:CharacterString>
                    </keyword>
                </MD_Keywords>
            </descriptiveKeywords>
            <descriptiveKeywords>
                <MD_Keywords>
                    <keyword>
                        <gco:CharacterString>cultura-ocio</gco:CharacterString>
                    </keyword>
                    <keyword>
                        <gco:CharacterString>turismo</gco:CharacterString>
                    </keyword>
                    <keyword>
                        <gco:CharacterString>urbanismo-infraestructura</gco:CharacterString>
                    </keyword>
                    <keyword>
                        <gco:CharacterString>cultura</gco:CharacterString>
                    </keyword>
                    <keyword>
                        <gco:CharacterString>patrimonio</gco:CharacterString>
                    </keyword>
                    <keyword>
                        <gco:CharacterString>museo</gco:CharacterString>
                    </keyword>
                    <keyword>
                        <gco:CharacterString>la palma</gco:CharacterString>
                    </keyword>
                    <keyword>
                        <gco:CharacterString>cabildo</gco:CharacterString>
                    </keyword>
                    <keyword>
                        <gco:CharacterString>sociedad</gco:CharacterString>
                    </keyword>
                    <keyword>
                        <gco:CharacterString>canarias</gco:CharacterString>
                    </keyword>
                </MD_Keywords>
            </descriptiveKeywords>
            <resourceConstraints>
                <MD_Constraints>
                    <useLimitation>
                        <gco:CharacterString>Aviso LegalEste aviso legal recoge las condiciones generales que rigen el acceso y el uso de los datos. El uso del sitio web implica la expresa y plena aceptación de las presentes condiciones generales en la versión publicada en el momento en que el usuario acceda al mismo, sin perjuicio de las condiciones particulares que pudieran aplicarse a algunos de los contenidos o servicios concretos del sitio web.A los efectos del presente documento se entiende por “agente reutilizador” toda persona, física o jurídica que reutilice información del sector público, ya sea para fines comerciales o no comerciales.Obligatoriedad de las condiciones generales.Las presentes condiciones generales, disponibles con carácter permanente vincularán a cualquier agente reutilizador por el mero hecho de hacer uso de los documentos sometidos a ellas.Autorización de reutilización y cesión no exclusiva de derechos de propiedad intelectual.Las presentes condiciones generales permiten la reutilización de los documentos sometidos a ellas para fines comerciales y no comerciales. Se entiende por reutilización el uso de documentos que obran en poder de los órganos de la Administración, sobre reutilización de la información del sector público con fines comerciales o no comerciales, siempre que dicho uso no constituya una actividad administrativa pública. La reutilización autorizada incluye, a modo ilustrativo, actividades como la copia, difusión, modificación, adaptación, extracción, reordenación y combinación de la información.El concepto de documento es el establecido en el apartado 2 del artículo 3 de la Ley 37/2007, de 16 de noviembre, sobre reutilización de la información del sector público, por lo que comprende toda información cualquiera que sea su soporte material o electrónico así como su forma de expresión gráfica, sonora o en imagen utilizada, incluyendo, en consecuencia, también los datos en sus niveles más desagregados o “en bruto”.Esta autorización conlleva, asimismo, la cesión gratuita y no exclusiva de los derechos de propiedad intelectual, en su caso, correspondientes a tales documentos, autorizándose la realización de actividades de reproducción, distribución, comunicación pública o transformación, necesarias para desarrollar la actividad de reutilización autorizada, en cualquier modalidad y bajo cualquier formato, para todo el mundo y por el plazo máximo permitido por la Ley.Condiciones generales para la reutilización.Son de aplicación las siguientes condiciones generales para la reutilización de los documentos sometidos a ellas:Está prohibido desnaturalizar el sentido de la información.Debe citarse la fuente de los documentos objeto de la reutilización.Debe mencionarse la fecha de la última actualización de los documentos objeto de la reutilización, siempre cuando estuviera incluida en el documento original.No se podrá indicar, insinuar o sugerir que los titulares de la información reutilizada participan, patrocinan o apoyan la reutilización que se lleve a cabo con ella.Deben conservarse, no alterarse ni suprimirse los metadatos sobre la fecha de actualización y las condiciones de reutilización aplicables incluidos, en su caso, en el documento puesto a disposición para su reutilización.Exclusión de responsabilidad.La utilización de los conjuntos de datos se realizará por parte de los usuarios o agentes de la reutilización bajo su propia cuenta y riesgo, correspondiéndoles en exclusiva a ellos responder frente a terceros por daños que pudieran derivarse de ella. El Cabildo de La Palma no será responsable del uso que de su información hagan los agentes reutilizadores ni tampoco de los daños sufridos o pérdidas económicas que, de forma directa o indirecta, produzcan o puedan producir perjuicios económicos, materiales o sobre datos, provocados por el uso de la información reutilizada. El Cabildo de La Palma no garantiza la continuidad en la puesta a disposición de los documentos reutilizables, ni en contenido ni en forma, ni asume responsabilidades por cualquier error u omisión contenido en ellos.Responsabilidad del agente reutilizador.El agente reutilizador se halla sometido a la normativa aplicable en materia de reutilización de la información del sector público, incluyendo el régimen sancionador previsto en el artículo 11 de la Ley 37/2007, de 16 de noviembre, sobre reutilización de la información del sector público.Protección de datos de carácter personal.La web www.opendatalapalma.es está comprometida con el respeto a la intimidad del usuario. El Cabildo de La Palma , es el responsable del fichero de datos generado con los datos de carácter personal suministrados por los usuarios del sitio web.De acuerdo con lo dispuesto en la Ley Orgánica 15/1999, de 13 de diciembre, de Protección de Datos de Carácter Personal, el Cabildo de La Palma se compromete al cumplimiento de su obligación de secreto con respecto a los datos de carácter personal y al deber de tratarlos con confidencialidad. A estos efectos, adoptará las medidas necesarias para evitar su alteración, pérdida, tratamiento o acceso no autorizado.Modificaciones.Con el fin de mejorar las prestaciones del sitio web, el Cabildo de La Palma se reserva el derecho, en cualquier momento y sin previa notificación al usuario, a modificar ampliar o suspender temporalmente la presentación, configuración, especificaciones técnicas y servicios del sitio web, de forma unilateral. Asimismo, se reserva el derecho a modificar en cualquier momento las presentes condiciones de uso así como cualesquiera otras condiciones particularesHiperenlaces.Los hiperenlaces contenidos en el sitio web pueden dirigir a páginas web de terceros. El Cabildo de La Palma no asume ninguna responsabilidad por el contenido, informaciones o servicios que pudieran aparecer en dichos sitios, que tendrán exclusivamente carácter informativo y que en ningún caso implican relación alguna con los contenidos o titulares de los sitios donde se encuentren.</gco:CharacterString>
                    </useLimitation>
                </MD_Constraints>
            </resourceConstraints>
            <language gco:nilReason="missing"/>
            <characterSet>
                <MD_CharacterSetCode codeList="http://www.isotc211.org/2005/resources/Codelist/gmxCodelists.xml#MD_CharacterSetCode" codeListValue="utf8" codeSpace="ISOTC211/19115">utf8</MD_CharacterSetCode>
            </characterSet>
        </MD_DataIdentification>
    </identificationInfo>
</MD_Metadata>
